title|media|date|desc
Petrobras confirma venda da fatia na BR Distribuidora e embolsa R$ 11,4 bilhões|Valor Investe|01/07/2021|A Petrobras confirmou na noite de ontem que vendeu os 37,5% que ainda  detinha na BR Distribuidora, ao preço de R$ 26 por ação. A informação havia  sido publicada...
Petrobras arrecada R$ 11,4 bi com venda de ações da BR e sai de vez da empresa|O Globo|01/07/2021|RIO - A Petrobras vai arrecadar R$ 11,4 bilhões com a venda de 37,5% das  ações que ainda tem na BR Distribuidora, na maior operação deste tipo este  ano.
Petrobras deixa de ser acionista da BR Distribuidora|UOL Economia|01/07/2021|Petrobras embolsa R$ 11,4 bilhões e sai de vez do capital da BR  Distribuidora. Posto de gasolina da BR Distribuidora; Petrobras não é  mais...
RJ: em Itaguaí, reintegração de posse em terreno da ...|Brasil de Fato|01/07/2021|“Justamente por conta da doação de alimentos ao acampamento, o Alessandro,  que organizou a campanha “Petroleiro Solidário”, acabou demitido da  Petrobras sob a...
Tensão marca reintegração de posse de terreno da Petrobras no Rio|Agência Brasil|01/07/2021|A Polícia Militar do Rio de Janeiro cumpre hoje (1º) um mandado de  reintegração de posse de um terreno da Petrobras, na avenida Deputado  Otávio Cabral,...
Justiça determina reintegração de posse em Itaguaí; policiais e sem-terra se enfrentam e PM joga bombas no local|G1|01/07/2021|A Justiça determinou reintegração de posse de um terreno da Petrobras em  Itaguaí, Região Metropolitana do Rio. Cerca de 400 famílias sem terra  ocupam o...
Petrobras vende suas sete unidades em Alagoas por quase R ...|GazetaWeb|01/07/2021|O conselho de administração da Petrobras aprovou nesta quarta-feira (30) a  venda, por US$ 300 milhões - o equivalente a R$ 1,49 bilhão no câmbio atual  - das...
Petrobras vende ações e zera participação na BR Distribuidora|Nexo Jornal|01/07/2021|No governo de Jair Bolsonaro, a Petrobras vendeu seu controle acionário de  outras subsidiárias, como a TAG (Transportadora Associada de Gás) e a  Liquigás.
Petrobras e Repsol apresentam suas estratégias de ...|Portos e Navios|01/07/2021|Gigantes do mercado de óleo e gás, como Petrobras e Repsol, apostam em  editais de inovação com apoio da Firjan SENAI para selecionar startups e  impulsionar...
Opinião: Fatia dos FPSOs da Petrobras investida no Brasil é ...|EPBR|01/07/2021|Enquanto isso, diversos estaleiros nacionais que, no passado, foram  contratados para construir sondas, FPSOs e/ou navios petroleiros/gaseiros  para a Petrobras...
Líder de ocupação de terreno da Petrobras em Itaguaí é preso|G1|02/07/2021|O líder do Campo de Refugiados 1º de Maio, em Itaguaí, foi preso por agente  da 50ª DP (Itaguaí). Wellington Moreira da Silva, conhecido como Eric  Vermelho,...
Liderança de acampamento em Itaguaí é presa|Extra Online|02/07/2021|Um dos coordenadores do acampamento Refugiados 1º de Maio, ocupação no  terreno da Petrobras que foi desapropriado nesta quinta-feira, Eric  Vermelho foi...
Menino de 12 anos é ferido na cabeça em reintegração de posse no RJ|UOL Notícias|02/07/2021|A ação policial cumpriu decisão da Justiça do Rio de Janeiro após pedido da  Petrobras, dona do terreno. Procurada pelo UOL, a corporação ainda não se  pronunciou...
Funcionários da Petrobras denunciam médicos da empresa por receitarem remédios sem eficácia contra a Covid|G1|02/07/2021|Os trabalhadores apresentaram receitas em papel timbrado da Petrobras com  prescrição de Ivermectina e outros remédios. A OMS recomenda que a  medicação não seja...
Importância do refino e da distribuição para o Brasil e Petrobrás|Monitor Mercantil|02/07/2021|– graves prejuízos para a Petrobrás, que perderá receitas de bilhões de  reais e ficará sujeita a riscos operacionais e financeiros desnecessários.  Destacamos...
Petrobras doa microusina de oxigênio para Hospital do Trabalhador|Gazeta do Povo|02/07/2021|De acordo com a estatal, a doação faz parte de um pacote de auxílio ao  combate à pandemia da Covid-19 – a usina é uma das 12 que serão repassadas  pela Petrobras...
Privatização da BR Distribuidora acentua desintegração do Sistema Petrobrás|O Cafezinho|02/07/2021|“A população não consegue ver a Petrobrás em plataformas de petróleo e sim  nos postos de gasolina. Com a venda da BR, isso acaba, pois a empresa perde  o contato...
Subsídios ao gás de cozinha|EPBR|02/07/2021|Citando os das últimas duas décadas, tivemos auxílio-gás, subsídio via  Petrobras e redução de impostos. Neste breve artigo serão discutidas essas  políticas,...
Veja as 10 ações mais recomendadas para comprar em julho|Valor Investe|02/07/2021|Em julho, a Vale conquista a liderança pela sexta vez seguida, apontada por  12 das 20 corretoras participantes. As ações da Petrobras também seguem na  lista,...
Fundo Samambaia, de Ronaldo Cezar Coelho, assume 7,95% da BR Distribuidora|Valor Econômico|02/07/2021|“Apostei que a saída da Petrobras do capital da BR ia destravar valor. A BR  está vinculada ao PIB e está com uma nova gestão, num movimento de  consolidação...
'A saída da Petrobras destrava o valor da BR', diz Ronaldo Cezar Coelho, que pretende comprar 10% da distribuidora|O Globo|03/07/2021|'A saída da Petrobras destrava o valor da BR', diz Ronaldo Cezar Coelho,  que pretende comprar 10% da distribuidora. Controlador do Fundo Samambaia,  maior...
Replan investe em nova unidade para ampliar produção de diesel S-10 a partir de 2025|G1|03/07/2021|Modernização da planta, a maior do Brasil, faz parte de pacote de  investimentos da Petrobras. Por G1 Campinas e Região. 03/07/2021 18h04  Atualizado há 11 meses...
Petrobras explica motivo das chamas altas na tocha da Repar|O Popular do Paraná|03/07/2021|Muitas pessoas ficaram curiosas, e sobre o ocorrido, a Petrobras informou  que precisou realizar uma parada não programada de produção, em uma das  unidades...
RLAM é autuada por suicídio de petroleiro nas dependências da refinaria|O Cafezinho|03/07/2021|Esta decisão da Petrobrás, segundo aponta a 7a Ata da reunião da Cipa,  instalou um clima de insegurança e de mal-estar coletivo, entre todos os  trabalhadores de...
Trens circulam em via única na Estação São Leopoldo neste ...|Jornal NH|03/07/2021|Hoje, das 8 às 18 horas, os trens circulam – em ambos os sentidos – em via  única no trecho das estações São Luís e Petrobras. Publicado em: 03.07.2021  às 08:07...
Jurong cria 2 mil vagas para reformar navio em Aracruz|Site de Linhares|03/07/2021|Parte das contratações está aberta a partir de hoje com o contrato assinado  pelo estaleiro com a Petrobras para modificar a P-71.
Lançamento da candidatura de Eduardo Leite pela Globo ...|Revista Forum|03/07/2021|Sendo que o PDT e sua herança brizolista sempre defendeu a soberania  nacional e o seu patrimônio, como a Petrobrás, por exemplo.
Etanol não está com os dias contados no Brasil apesar dos combustíveis serem colocados contra a parede com a chegada dos carros elétricos no mercado brasileiro|Click Petróleo e Gás|03/07/2021|A Petrobras fez um novo reajuste no preço do GNV, aumentando 39% para as  distribuidoras. Segundo o levantamento feito pela Agência Nacional de  Petróleo,...
Venda do Polo de Golfinho pode aumentar investimentos e ...|A Gazeta|03/07/2021|Duas empresas demonstraram interesse em comprar da Petrobras o campo  petrolífero, que é o maior produtor da Bacia do Espírito Santo.
Zema está deixando sua turma brincar com fogo a 16 meses da eleição|Além do Fato|03/07/2021|A Petrobras e o Exército desenvolverão fibra de carbono a partir de “óleo  decantado”, o… 1 dia atrás. Ameaça de dossiê e caneladas tensionam  confronto Zema-...
"Próximo do fim, supercomputador Tupã vem operando na ""gambiarra"""|Época Negócios|04/07/2021|Supercomputadores da Petrobras entram no combate ao novo coronavírus. Dos  R$ 76 milhões previstos no orçamento do órgão, só R$ 44,7 milhões foram  liberados - a...
BNDES e fundo internacional lançam projeto de R$ 1 bi para semiárido|Money Times|04/07/2021|Últimas Notícias Cotações Comprar ou Vender FGTS Eletrobras Petrobras ·  Instagram · YouTube · Linkedin Facebook · Google Facebook Twitter.
Quantas ações Lula ainda responde na Justiça após a ...|Gazeta do Povo|04/07/2021|A empreiteiras Odebrecht e OAS teriam custeado as reformas do local, em  troca de favorecimentos em contratos com a Petrobras. Resultado: Lula havia  sido...
Bolsonaro encaminha nomes para agências reguladoras|Suno|04/07/2021|"Jair Bolsonaro: ""Tudo de ruim que acontece na Petrobras cai no meu colo. O  que é bom não cai nada em meu colo"", disse.. Foto: Marcos Corrêa PR..."
Fábrica da Bridgestone, na Bahia, receberá R$ 700 milhões em investimentos e cerca de 500 novos empregos s ...|CPG Click Petroleo e Gas|04/07/2021|Petrobras - Petróleo e gás - setor offshore - óleo e gás ... setor de  petróleo e gás do mundo mostra que Petrobras é a petrolífera com mais  descontos entre...
IPCA e Vendas no Varejo: Veja os 5 principais eventos da semana|Suno|04/07/2021|Banco Inter (BIDI4), GPA (PCAR3) e Petrobras (PETR4) agitam · Negócios ·  Banco Inter (BIDI4), GPA (PCAR3) e Petrobras (PETR4) agitam o mercado  financeiro.
Petrobras anuncia aumento na gasolina, no diesel e gás de cozinha|Agência Brasil|05/07/2021|Já o diesel terá um reajuste médio de R$ 0,10 (3,7%) por litro, que passará  custar R$ 2,81 nas refinarias da Petrobras. A estatal anunciou ainda que o  preço...
Petrobras sobe mais uma vez o preço da gasolina e do diesel a partir desta terça|CNN Brasil|05/07/2021|A Petrobras comunicou nesta segunda-feira (5) que o preço do litro da  gasolina para as distribuidoras foi reajustado para R$ 2,69, e o do óleo  diesel para...
Petrobras anuncia elevação dos preços da gasolina e do diesel, a primeira alta da gestão de Silva e Luna|InfoMoney|05/07/2021|A Petrobras (PETR3;PETR4) informou nesta segunda-feira (5) uma alta nas  refinarias de R$ 0,16 por litro de gasolina, a ser comercializado por R$  2,69 (alta...
Petrobras lança ao mar a sua maior plataforma de exploração offshore de petróleo no Brasil|Observador|05/07/2021|"Petrobras lança ao mar a sua maior plataforma de exploração offshore de  petróleo no Brasil. Este artigo tem mais de 6 meses. O navio-plataforma  ""FPSO Carioca""..."
Sem Petrobras, BR Distribuidora mira agora o setor de energia|Folha|05/07/2021|A operação de venda das últimas ações da Petrobras na ex-subsidiária foi  concluída nesta segunda, por R$ 11,3 bilhões. Investidores estrangeiros  ficaram com...
Abrigados em Ciep, ex-ocupantes de terreno da Petrobras em Itaguaí reclamam de falta de água na escola|Extra Online|05/07/2021|"BX Itaguaí (RJ) 24/06/2021 - O "" Acampamento Primeiro de Maio "" , em  Itaguaí, ocupou terreno da Petrobras no ínicio do mês de maio. Foto:  Gabriel de Paiva..."
Ações da Petrobras fecham em queda apesar de reajuste de combustíveis e alta do petróleo; Ambev sobe 3%, bancos caem|InfoMoney|05/07/2021|Ações da Petrobras fecham em queda apesar de reajuste de combustíveis e  alta do petróleo; Ambev sobe 3%, bancos caem. Confira os destaques da B3 na  sessão desta...
Fundo Árabe Mubadala que comprou a Rlam, da Petrobras, se prontifica comprar petróleo brasileiro para a refinaria na Bahia|CPG Click Petroleo e Gas|05/07/2021|Presidente da Petrobras disse durante audiência pública na Câmara dos  Deputados, sobre as vendas de ativos da petroleira, que o fundo Mubadala  sinalizou...
Justiça homologa TAC e empresas custearão projetos de ...|O Eco|05/07/2021|O TAC foi assinado entre o MPF, Petróleo Brasileiro S.A., Petrobrás  Transporte S.A., Estaleiro Brasfels LTDA., Vale S.A. – Terminal Ilha  Guaíba,...
ANP realiza audiência sobre postos de bandeira branca em clima de guerra contra a medida|Economia & Negócios|05/07/2021|A resolução permite que mesmo os postos com marca tenham até duas bombas de  bandeira branca. Leia Também. Petrobrás aumenta gasolina e diesel pela  primeira...
Petrobras eleva de uma só vez preço da gasolina, diesel e gás de botijão nesta terça. Altas chegam a 6,32%|O Globo|06/07/2021|RIO - A Petrobras vai reajustar de uma só vez os preços da gasolina, do  diesel e do gás de botijão (GLP) a partir desta terça-feira para as  distribuidoras.
Petrobras anuncia reajuste de 7% no preço do gás natural|Agência Brasil|06/07/2021|A Petrobras anunciou, nesta terça-feira (6), que fará um reajuste de 7% no  preço do gás natural vendido às distribuidoras. Segundo a estatal, os  novos...
Petrobras reajusta o preço da gasolina e do diesel nas refinarias nesta terça|CNN Brasil|06/07/2021|A Petrobras vai reajustar em 6% o preço do litro da gasolina e em 3,7% o  litro do diesel nas refinarias, nesta terça-feira (6). Com isso, o valor  médio do...
Petrobras encerra venda de sua participação na BR Distribuidora|Agência Brasil|06/07/2021|A Petrobras informou hoje (6) o encerramento da operação em que vendeu sua  participação acionária na Petrobras Distribuidora S.A. (BR Distribuidora).
BR Distribuidora: estrangeiros ficam com 34% das ações vendidas pela Petrobras|Money Times|06/07/2021|Os investidores estrangeiros ficaram com a maior parte das ações da BR  Distribuidora (BRDT3) vendidas pela Petrobras (PETR3; PETR4) na oferta  secundária...
Sem Petrobras, BR Distribuidora mira agora o setor de energia|Amazonas Atual|06/07/2021|Por Nicola Pamplona, da Folhapress. RIO DE JANEIRO – A saída definitiva da  Petrobras torna a BR Distribuidora uma empresa com maior potencial de gerar  valor e...
Petrobras acerta venda de bloco de petróleo em Alagoas por US$ 300 milhões|O Globo|06/07/2021|RIO — A Petrobras assinou contrato para venda da totalidade de sua  participação em sete concessões terrestres e de águas rasas localizadas no  estado de...
Ibovespa abre em queda após reajuste da Petrobras (PETR4)|Suno|06/07/2021|Notícias que vão movimentar a Bolsa de Valores hoje. Mudança de preço  provoca oscilação em Petrobras;; Demanda de voos da Gol quase quadruplica;;  CCR aumentará...
Maior computador da América Latina vai ajudar na digitalização das operações da Petrobras|Correio Braziliense|06/07/2021|A Petrobras colocou em operação, nesta semana, o maior computador da  América Latina (AL), o Dragão. O ranking é organizado pela Top500.org para  identificar...
Ibovespa hoje: PetroRio (PRIO3), Azul (AZUL4) e Petrobras ...|E-Investidor|06/07/2021|Ibovespa hoje: PetroRio (PRIO3), Azul (AZUL4) e Petrobras (PETR4) são os  destaques negativos do dia · O Ibovespa caiu 1,44% nesta terça-feira (06),  aos 125.094,...
Mercado vê como bom sinal aumento de gasolina pela Petrobras|Exame|07/07/2021|Depois de quase três meses sob nova gestão, a Petrobras fez o primeiro  aumento nos preços dos combustíveis da gestão Silva e Luna na última  segunda-feira,...
Petrobras diz que assembleia decidirá sobre presidência|Poder360|07/07/2021|A Petrobras informou nesta 4ª feira (1º.jun.2022) que aguardará a  assembleia de acionistas para realizar o “processo de transição” da  presidência da estatal...
Petrobras divulga nomes de indicados por acionistas minoritários para o CA|Correio Braziliense|07/07/2021|A Petrobras divulgou nesta quarta-feira, 7, o nome dos três indicados para  o Conselho de Administração (CA) por acionistas minoritários da companhia.
Preços da gasolina e do diesel terão novo aumento; veja o ...|Garagem 360|07/07/2021|Conforme anúncio da Petrobras, na última terça-feira (06/07), com o novo  aumento, o preço da gasolina sobe 6,3%. Enquanto isso, o reajuste do diesel  sobe em...
Origem aposta em verticalização da cadeia do gás em AL|Valor Econômico|07/07/2021|Origem Energia, controlada pela Prisma, compra Polo Alagoas da Petrobras e  prevê verticalização na cadeia de gás. Por André Ramalho — Do Rio.
Maior operação contra a corrupção, Lava Jato sai de cena ...|Poder360|07/07/2021|Foi entregue ao ex-diretor da Petrobras Paulo Roberto Costa. Em 2014, a PF  reuniu informações para pedir a prisão preventiva de Youssef. Costa também  foi preso.
Plataforma da Petrobras P-76 torna-se a 2ª a exportar gás de ...|ISTOÉ DINHEIRO|07/07/2021|A Petrobras começou a exportar o gás de Búzios em agosto do ano passado,  com a plataforma P-74. Atualmente, o volume exportado pelas duas  plataformas é de até 2...
Preço da gasolina marca R$ 5,79 nos postos de Ribeirão Preto, SP, após novo reajuste da Petrobras|G1|07/07/2021|O reajuste anunciado pela Petrobras para as distribuidoras é de +6,3% no  litro da gasolina e de +3,7% no litro do diesel, o que significa,  respectivamente,...
Motoristas podem economizar até R$ 0,60 no litro da gasolina com o uso de aplicativos em Porto Alegre|GZH|07/07/2021|A Petrobras também possui uma plataforma própria, a Petrobras Premmia. O  aplicativo aposta no modelo de cashback, onde o motorista que utiliza o app  ganha...
Sulgás avaliará repasse do aumento do preço do gás natural ...|Jornal do Comércio|07/07/2021|A Petrobras já confirmou para 1º de agosto o reajuste de 7% (em Reais por  metro cúbico) do gás natural que fornece para as concessionárias regionais.
Bolsonaro cobra Petrobras e culpa governadores por preços dos combustíveis|UOL Economia|08/07/2021|32,4% - Fatia que fica com a Petrobras;; 28,6% - ICMS (imposto estadual);;  15,7% - Etanol adicionado à gasolina. Hoje, a gasolina vendida nos postos  é...
Carestia: com reajuste de 6,3%, gasolina a R$ 6 veio para ficar|Correio Braziliense|08/07/2021|O primeiro reajuste de combustíveis autorizado pela gestão de Joaquim Silva  e Luna no comando da Petrobras aumentou o mau humor do brasileiro com o  custo de...
Sulgás definirá reajustes do gás natural após o aumento da ...|GZH|08/07/2021|O aumento da Petrobras começa a valer em 1º de agosto. A Sulgás, no  entanto, lembra que o contrato de concessão prevê o repasse integral ao  mercado do custo de...
Petroleiros instalam outdoors críticos a Bolsonaro no interior ...|Abc do ABC|08/07/2021|De acordo com o Sindipetro-SJC, a Petrobras já anunciou este ano seis  sucessivos reajustes nos preços da gasolina e do gás de cozinha e cinco  altas do diesel. A...
Petróleo: Brasil pode perder construção de 80 barcos e 25 ...|Monitor Mercantil|08/07/2021|“Temos inúmeros estaleiros, e não me convence a Petrobras dizer que as  empresas brasileiras atrasam as entregas. É fundamental darmos prioridade a  essas...
Pedro Serra: BR Distribuidora – há muito mais por vir|Money Times|08/07/2021|Entretanto, o olhar de linha de chegada não se aplica a este caso, que  conforme demonstrado pelo follow-on realizado pela Petrobras para alienar  as ações...
Feriado com medo: Ibovespa termina semana com baixa de 1,72% após pânico global|Você SA|08/07/2021|Mas a queda foi expressiva: -1,25%, puxada por papéis de peso como  Petrobras e bancos. Na semana, o índice caiu 1,72%. O dólar subiu pelo  oitavo pregão...
Gás de cozinha chega a custar até R$ 110 em Ribeirão Preto|ACidadeON|08/07/2021|Preço já é reflexo do reajuste de quase 6% anunciado pela Petrobras;  proprietário de distribuidora ressalta que consumo aumentou na pandemia.
Após novo reajuste, litro da gasolina chega ao consumidor por R$ 5,63 em Boa Vista|G1|08/07/2021|O maior valor foi encontrado no bairro Caçari, zona Leste de Boa Vista, que  já esta com os preços de acordo com o novo reajuste da Petrobras.
TBG, NTS e TAG firmam parceria para compartilhar ...|ISTOÉ DINHEIRO|08/07/2021|SÃO PAULO (Reuters) – As companhias de transporte de gás natural TBG, NTS e  TAG, partes da recente onda de desinvestimentos da Petrobras, anunciaram  nesta...
Petrobras/covid: Justiça define como acidente de trabalho contágio em plataformas|Época Negócios|09/07/2021|Petrobras/covid: Justiça define como acidente de trabalho contágio em  plataformas. Se a estatal acatar a decisão, vai ser obrigada a contabilizar  parte das...
Petrobras divulga teaser para venda de ativo de E&P na Bacia Potiguar|Correio Braziliense|09/07/2021|A Petrobras informou há pouco, em comunicado, que iniciou a etapa de  divulgação do teaser para a venda, em conjunto com a Sonangol  Hidrocarbonetos Brasil,...
Política de preços da Petrobras colabora para descontrole da ...|Jornal Extra Classe|09/07/2021|O principal motivo é a política de preços de derivados adotada pela  Petrobras nas refinarias. Instituída em 2016 no governo de Michel Temer, a  nova forma de...
MPF-PR denuncia ex-dirigente da Petrobras Glauco Legatti ...|ISTOÉ DINHEIRO|09/07/2021|O Ministério Público Federal no Paraná (MPF-PR) denunciou o ex-dirigente da  Petrobras Glauco Colepicolo Legatti por repasses de R$ 400 mil no âmbito  de...
Petrobras, Banco do Brasil, Eletrobras, PetroRio, Rede D’Or e mais: os destaques do noticiário corporativo mesmo em dia sem B3|InfoMoney|09/07/2021|“Pedi ao presidente da Petrobras que bote o preço da refinaria na página da  estatal”, afirmou. O presidente Jair Bolsonaro afirmou na quinta que o  governo...
Orquestra Petrobras Sinfônica faz releitura do rock de Guns N ...|"TV Brasil |"|09/07/2021|O Partituras deste domingo, em homenagem ao dia mundial do rock, traz a  Orquestra Petrobras Sinfônica (OPS) interpretando músicas da banda  americana de hard...
Dívida de empresas brasileiras subiu 9% em 2020, mas cai 20% em 2021; Petrobras lidera|Valor Investe|09/07/2021|No Brasil, Petrobras lidera, seguida por Suzano, JBS, Vale e Eletrobras.  Por Rafael Gregorio, Valor Investe — São Paulo. 09/07/2021 06h43 Atualizado  há 10...
Petrobras anuncia reajuste de 7% nos preços dos contratos de gás natural para distribuidoras, a partir de agosto|CPG Click Petroleo e Gas|09/07/2021|A Petrobras diz que aumento do gás natural se deve as fórmulas negociadas  nos contratos, que vinculam o preço a cotação do petróleo e à taxa de  câmbio.
Bacia de Santos – Plataforma P-76 da Petrobras torna-se a segunda a exportar gás do campo de Búzios para o continente|CPG Click Petroleo e Gas|09/07/2021|A plataforma da Petrobras tornou-se a segunda do campo de Búzios, na Bacia  de Santos, a exportar gás para o continente. Em comunicado divulgado ao  mercado...
Gás de cozinha sobe, mas não ocupa espaço no salário ...|FDR|09/07/2021|O gás de cozinha (GLP) passou por um novo reajuste pela Petrobras esta  semana. No entanto, o novo aumento não faz parte dos gastos já  comprometidos junto ao...
Justiça considera Covid-19 como doença do trabalho para embarcados da Petrobras|O Globo|10/07/2021|RIO — Trabalhadores da Petrobras que atuam embarcados e foram infectados  por Covid-19 podem ter a doença considerada como acidente de trabalho.
Conheça o maior computador da América Latina|Noticias R7|10/07/2021|Ele é utilizado pela Petrobras para mapear as áreas de perfuração de  petróleo. São toneladas de peças e cabos, vindos de várias partes do mundo.
Petrobrás paralisa produção da maior refinaria do país por falta de escoamento|O Cafezinho|10/07/2021|Por isso, o propeno foi incorporado ao GLP, que não encontrou logística de  escoamento. “Houve uma total falta de coordenação da Replan com a sede da  Petrobrás,...
Tema da corrupção deve ficar em segundo plano na campanha eleitoral de Lula|Folha|10/07/2021|O que dói mais, acusar indevidamente o Lula com fake news sobre supostos  esquemas na Petrobras, ou dizer que estavam tomando dinheiro de um cara que  ganhava R$...
"Mãe sai para ""resenha"" e deixa em casa criança de 2 anos ..."|Agora RN|10/07/2021|Conselho do PPI aprova incluir Petrobras em estudos para privatização  Petrobras eleva em 11,4% preço médio da querosene de aviação Mãe de  Michael,...
O que a demissão de Rogério Ceni do Flamengo ensina sobre liderança|Exame|10/07/2021|Câmara aprova projeto do PT que exige transparência nos preços da  Petrobras. Câmara aprova projeto de lei que prevê reembolso na tarifa de  energia.
Entenda as regras do Novo Mercado e dos demais segmentos especiais de listagem da B3 (B3SA3)|Suno|10/07/2021|Nível 2. O Nível 2 de listagem é semelhante ao Novo Mercado. Há, contudo,  algumas exceções. Segmento de empresas como Petrobras (PETR4) e...
Nova Mutum estreia com vitória sobre o Luverdense no ...|Power Mix|10/07/2021|01.06.2022 12h:12 » Petrobras lança site com informação sobre preços de  combustíveis · 01.06.2022 12h:12 » Governo entrega R$ 30 milhões em  equipamentos...
Governo traz Banco de Brasília para apresentar ...|O Imparcial|10/07/2021|Segunda etapa da vacinação contra influenza e sarampo termina nessa  sexta-feira (3) · Petrobras lança site com informação sobre preços de  combustíveis.
Morte de consultora do Senado deixa Brasília enlutada e triste|Diário do Poder|11/07/2021|Moro acha 'risível' PT culpar juiz e não o ladrão por prejuízo na Petrobras  ... Ministro Sachsida substitui presidente da Petrobras a pedido de  Bolsonaro.
Zema amplia volta às aulas com reabertura de 751 escolas em Minas|Diário do Poder|11/07/2021|Lucro abusivo da Petrobras é de meio bilhão por dia · Diário do Poder. Novo  ministro define privatização da Petrobras como prioridade.
BMW i3, carro elétrico vendido no Brasil, deve ganhar novo modelo com gerador movido a etanol|Click Petróleo e Gás|11/07/2021|Após mobilização da FUP contra venda da Lubnor, a Prefeitura de Fortaleza  (CE) abre ação contra Petrobras para barrar privatização da refinaria.
Empresa investe R$ 200 milhões em nova mineradora de basalto em MG e pretende gerar 250 empregos diretos e indiretos|CPG Click Petroleo e Gas|11/07/2021|Petrobras qualifica dez grupos em disputa por contratos para arrendamento  de navios-sonda, entre elas Ocyan. 2 de junho de 2022 — Roberta Souza.
Tem desconto no salário do INSS sem contratar empréstimo ...|FDR|11/07/2021|Deu 'treta': Paulo Guedes bate boca com sindicalista por conta da  Petrobras; entenda ... gasolina e diesel terão novo preço após anúncio da  Petrobras.
Indicado ao STF, Mendonça virou o 'terrivelmente evangélico' de Bolsonaro após pregação de reverendo|Folha|11/07/2021|... acumulou o título de líder presbiteriano e cargos de prestígio no  Judiciário brasileiro, após uma temporada como advogado concursado da  Petrobras.
Petrobras assina contrato para venda do Campo Papa-Terra|Agência Brasil|12/07/2021|A Petrobras informou hoje (12), no Rio de Janeiro, que assinou contrato  para a venda da totalidade de sua participação no campo de produção de  petróleo...
Petrobras vende campo na Bacia de Campos por US$ 105 ...|Poder360|12/07/2021|Petrobras vende campo na Bacia de Campos por US$ 105 milhões. Local iniciou  operação em 2013 e sua produção média de óleo e gás até junho de 2021 foi  de 17,9...
Petrobras vende fatia no campo de Papa-Terra por US$ 105 milhões|G1|12/07/2021|A Petrobras vendeu sua participação de 62,5% no campo de produção de  Papa-Terra para a 3R Petroleum por US$ 105,6 milhões, o equivalente a mais  de R$ 555...
Petrobras assina acordo no pré-sal da Bacia de Santos|Agência Brasil|12/07/2021|A Petrobras assinou com a Pré-Sal Petróleo S.A. (PPSA) o Acordo de  Coparticipação de Itapu, que regulará a coexistência do Contrato de Cessão  Onerosa e do...
Ocyan vence licitação e sonda Norbe IX é recontratada para a ...|Portos e Navios|12/07/2021|A Norbe IX, uma das cinco sondas de perfuração em águas profundas da Ocyan,  foi recontratada pela Petrobras, por um período de 1.095 dias.
Gasolina fica ainda mais cara nos postos de BH após reajuste da Petrobras|Estado de Minas|12/07/2021|Gasolina fica ainda mais cara nos postos de BH após reajuste da Petrobras ·  Levantamento feio pelo Mercado Mineiro apontou aumento 1,34% no preço médio  da...
Galvão Bueno narra histórias reais em campanha dos Postos ...|Propmark|12/07/2021|Sob o conceito “Posto, Posto é Posto Petrobras”, lançado no ano passado, a  BR Distribuidora apostou em personagens reais, que usam os serviços da  marca,...
Mantida justa causa de empregado que tentou beijar colega à ...|Consultor Jurídico|12/07/2021|... a um ex-empregado da Petrobras em Belém por ter cometido o ato em  questão. ... recurso da Petrobras contra a reversão da justa causa e a  determinação de...
Ocyan, ex-Odebrecht Óleo e Gás, ganha concorrência da Petrobras|Valor Econômico|12/07/2021|No momento, as sondas da Ocyan estão contratadas à Petrobras ou a  consórcios operados pela estatal, mas a empresa vê perspectiva de novos  contratos para prestar...
Classificados do Edimilson: veja as vagas de emprego da semana de 12 a 16 de julho|G1|12/07/2021|Petrobras Conexões para Inovação - Módulo Ignição;; Jovens aprendizes no  Metrô Rio;; Cursos técnicos no Cefet;; Curso Mulheres Empreendedoras;;  Curso sobre...
Petrobras: Campo de Albacora atrai ao menos três potenciais compradores|CNN Brasil|13/07/2021|A venda do campo de Albacora, da Petrobras, deve atrair pelo menos três  potenciais compradores, após o adiamento de quase um mês para a conclusão  das...
Processo de contratação da plataforma de Sergipe já esta na rua, diz Petrobras|Valor Investe|13/07/2021|O diretor de desenvolvimento da produção da Petrobras, João Henrique  Rittershaussen, disse que a empresa deve concluir ainda este ano a  contratação da...
Petrobras (PETR4) informa que Sobek Energia não está na disputa pela Gaspetro|Suno|13/07/2021|Paulo havia noticiado que a Sobek Energia tinha entrado na disputa com uma  proposta que superava R$ 2 bilhões. No entanto, no comunicado de hoje, a  Petrobras...
Nova campanha da BR Distribuidora tem locução de Galvão Bueno|Metrópoles|13/07/2021|A BR Distribuidora lançou uma nova campanha assinada pela agência Africa.  Desde 2020, a empresa vem seguindo o conceito “Posto, POSTO é Posto  Petrobras”,...
Técnico de manutenção não consegue receber repouso ...|TST|13/07/2021|A Petrobras, em defesa, sustentou que o empregado trabalhava em regime de  sobreaviso parcial, em que, havendo a necessidade de trabalho em escala de  sobreaviso,...
Lula não disse em vídeo que deu refinarias para a Bolívia ...|Aos Fatos|13/07/2021|Lula confessa que deu refinaria da Petrobras para Bolívia. Lula fala em  mesa de evento, imagem é sobreposta de título enganoso: Lula confessa. Não  é verdade que...
Ato unificado protesta contra a privatização dos Correios, Petrobras e PEC 32|G1|13/07/2021|O manifesto é contra a privatização dos Correios e da Petrobras, e contra a  Reforma Administrativa, chamada de PEC 32. Indígenas também participaram do  protesto...
Bolsonaro anuncia redução de 4 centavos no PIS/Cofins do diesel|CNN Brasil|13/07/2021|A medida foi anunciada uma semana após a Petrobras aplicar um reajuste de  3,7% no preço médio do diesel, na primeira alta realizada pela gestão do...
Fitch Assigns First-Time Ratings 'BB / 'AAA(bra)' to ...|Fitch Ratings|13/07/2021|Concentração de Receita na Petrobras Mitigada: A TAG está exposta ao risco  de concentração na Petrobras como única contraparte dos GTAs.
Ocyan conquista novo contrato de afretamento do seu navio-sonda Norbe IX para a Petrobras|CPG Click Petroleo e Gas|13/07/2021|Após ter fechado um contrato de 10 anos com a Petrobras, a Ocyan conquistou  um novo contrato de afretamento do seu navio-sonda, Norbe IX com duração de  três...
Petrobras (PETR4) conclui venda do Polo Rio Ventura para 3R Petroleum (RRRP3)|Suno|14/07/2021|Petrobras fecha venda do campo Papa-Terra à 3R Petroleum. Vale lembrar  também que no início dessa semana, a Petrobras anunciou que fechou acordo  para a venda de...
Confira o calendário de resultados do 2º trimestre de 2021 da Bolsa brasileira|InfoMoney|14/07/2021|No dia 28 serão divulgados os resultados da Vale (VALE3), após o  fechamento, enquanto a Petrobras (PETR3PETR4) revelará seu balanço no dia 4  de agosto,...
BlackRock compra ações da BR Distribuidora|Money Times|14/07/2021|Últimas Notícias Cotações Comprar ou Vender FGTS Eletrobras Petrobras ·  Instagram · YouTube · Linkedin Facebook · Google Facebook Twitter.
Governo projeta crescimento de 5,3% do PIB em 2021, com inflação de 5,9%|Exame|14/07/2021|Petrobras gasta R$ 1,3 milhão cada vez que governo troca seu presidente.  Petrobras recebe documentos e já analisa nome de Paes de Andrade. Economia.
Preço da gasolina segue aumentando e pode chegar a R$ 5,87 em Itajaí|ND Mais|14/07/2021|No último dia 6, os preços da gasolina, do diesel e do gás de cozinha (GLP)  sofreram um novo aumento, anunciado pela Petrobrás. Conforme a empresa...
Congelamento de preço revelado por Guedes traçou o destino do Ibovespa|Valor Investe|14/07/2021|Altas e baixas do Ibovespa hoje ; PETR3, PETROBRAS ON, 28,86 ; CVCB3, CVC  BRASIL ON, 27,60 ; LWSA3, LOCAWEB ON, 26,50 ; HAPV3, HAPVIDA ON, 15,62...
Diesel: aumento impacta custos em empresas de transporte|Monitor Mercantil|14/07/2021|Na semana passada, a Petrobras anunciou um novo reajuste no preço dos  combustíveis nas refinarias, de 6,3% da gasolina e de 3,7% do óleo diesel.
Pecuária é capaz de gerar crédito de carbono com média lotação no pasto|Money Times|14/07/2021|Últimas Notícias Cotações Comprar ou Vender FGTS Eletrobras Petrobras ·  Instagram · YouTube · Linkedin Facebook · Google Facebook Twitter.
​Comissão analisa exploração da jazida de sal-gema em ...|Século Diário|14/07/2021|A questão ambiental é outro ponto levantado pelo prefeito e também por  parlamentares no processo. Desde 2002, a Petrobras planejava buscar  parceiros do setor...
Lula, o grande corruptor, e a ditadura cubana|ISTOÉ Independente|14/07/2021|Quero dizer com isso que o uso que Lula e seu partido fizeram da Petrobras,  para comprar apoio político e estender sabe lá até quando a sua permanência  no...
Petrobras finaliza a venda do Polo Rio Ventura para 3R Petroleum por US$ 94,2 mi|CNN Brasil|15/07/2021|A Petrobras informou que finalizou a venda da totalidade de sua  participação em oito campos terrestres de exploração e produção,  denominados Polo Rio...
Refinaria da Petrobras Rnest inicia 1ª parada para manutenção de 45 dias|Época Negócios|15/07/2021|A Refinaria Abreu e Lima (Rnest), da Petrobras, em Pernambuco, iniciou sua  primeira parada programada para manutenção desde que a unidade começou a  operar...
Petrobras vai perdendo bonde da história ao preterir energia renovável|Valor Investe|15/07/2021|Para sermos justos, a Petrobras ameaçou no fim do ano passado deixar de  comer poeira na corrida da energia limpa. Anunciou o compromisso de cortar  em 25% o...
Petrobras está contratando FPSO para atuar em projeto em águas profundas, na Bacia de Sergipe-Alagoas|CPG Click Petroleo e Gas|15/07/2021|O diretor de desenvolvimento da Petrobras diz que a estatal já lançou o  processo de contratação do FPSO para instalar na Bacia de Sergipe-Alagoas.
Bovespa fecha em queda de 0,73% com ajustes e disparada do Magazine Luiza|G1|15/07/2021|O principal índice de ações da B3 fechou em queda de 0,73%, aos 127.467  pontos, nesta quinta-feira (15), em sessão de ajustes, com bancos e  Petrobras entre...
Dólar é moeda, não investimento; há outras alternativas para ...|Seu Dinheiro|15/07/2021|Há poucos dias, a Petrobras Global Finance B. V. ofereceu no mercado  internacional de capitais US$ 1,5 bilhão em títulos de 30 anos, com taxas  de juros de 5...
Mercado irregular de combustíveis gera perdas de R$ 26 bilhões por ano, diz FGV|CNN Brasil|15/07/2021|Petrobras vai aumentar preço do gás natural para distribuidoras em 7% ·  Devem acontecer novos reajustes nos combustíveis, avalia economista...
"Prefeito Wladimir e deputada Clarissa pedem a permanência do Heliporto do Farol - Campos 24 Horas | Seu Jornal"|Campos 24Horas|15/07/2021|Do lado da Petrobras, estiveram presentes o gerente executivo de  Relacionamento Externo, Pedro Brancante; o gerente de Inteligência e  Integração de...
PetroRio conecta campos e espera economizar US$ 50 ...|Portos e Navios|15/07/2021|Ele cita ainda o interesse da empresa nos campos de Albacora e Albacora  Leste, na Bacia de Campos, colocados à venda pela Petrobras. Fonte: Valor.
Congresso aprova lei do orçamento de 2022 com ampliação do fundo eleitoral|Exame|15/07/2021|Petrobras gasta R$ 1,3 milhão cada vez que governo troca seu presidente.  Educação básica pode perder R$ 19,2 bi com teto do ICMS, diz. Economia.
Remoto também no oceano: Petrobras adota Hololens 2 e permite atuação a distância|Olhar Digital|16/07/2021|A iniciativa foi divulgada com exclusividade ao Olhar Digital. Imagem  mostra um técnico da Petrobras equipado com a HoloLens, da Microsoft Uso  dos Hololens está...
O que a Petrobras diz sobre o valor da gasolina?|Webmotors|16/07/2021|A Petrobras anunciou no início deste mês novo reajuste nos preços dos  combustíveis — o primeiro da gestão do general Joaquim Silva e Luna, à  frente da...
Orquestra Petrobras Sinfônica apresenta o concerto 'Bohemian Rhapsody' no Vivo Rio, neste sábado|O Dia|16/07/2021|Orquestra Petrobras Sinfônica apresenta o concerto 'Bohemian Rhapsody' no  Vivo Rio, neste sábado. Espetáculo reproduz trilha sonora de filme sobre a  banda Queen.
Etesco comemora prorrogação de contrato de perfuração com a gigante do petróleo brasileiro|CPG Click Petroleo e Gas|16/07/2021|A sonda Etesco Takatsugu J – NS38 foi recontratada pela maior petroleira do  Brasil, a Petrobras, e seu contrato foi estendido por mais 3 anos.
É falso que BA e RN cobram R$ 43 em impostos estaduais ...|Lupa|16/07/2021|No início do mês, a Petrobras, que concentra a produção de gás liquefeito  de petróleo (GLP) no país, anunciou às distribuidoras o sexto aumento no  valor do...
Abertura do setor de gás natural ainda engatinha|Valor Econômico|16/07/2021|Historicamente dominante, a Petrobras se mantém praticamente como única  grande fornecedora das distribuidoras, enquanto o mercado livre ainda não  emplacou.
Frango americano é mais barato e paga melhor seu produtor na comparação com 10 anos|Money Times|16/07/2021|Últimas Notícias Cotações Comprar ou Vender FGTS Eletrobras Petrobras ·  Instagram · YouTube · Linkedin Facebook · Google Facebook Twitter.
Oposição aciona o STF contra lei que permite privatização da Eletrobras|Exame|16/07/2021|Passagem relâmpago de Elon Musk pelo Brasil agita redes de bolsonarista.  Petrobras vendeu refinaria no Ceará por metade do valor real, diz Ineep.  Economia.
Obras de nova central hidrelétrica em Tio Hugo são iniciadas|Jornal do Comércio|16/07/2021|Petrobras bate recorde para atender térmicas · CPFL fará oferta por  participação minoritária da Eletrobras na CEEE-T · Jornal do Comércio.
Equinor contrata 30 profissionais para o campo de Peregrino|EPBR|16/07/2021|Eólica offshore é uma das alternativas para a Petrobras no futuro, diz CEO  · Gabriel Chiappini · 18 de maio de 2022 · Hélice de aerogerador para  eólica...
Petrobras atinge recorde histórico na oferta de gás no Brasil|Correio Braziliense|17/07/2021|A Petrobras atingiu em junho recorde histórico na oferta de Gás Natural  Liquefeito (GNL) regaseificado no país, com um volume instantâneo de 42  milhões de...
Ibovespa: Suzano (SUZB3) e PetroRio (PRIO3) sofrem maiores quedas na semana|Suno|17/07/2021|Desta forma, com a queda no preço da commodity, as ações da Petrobras  (PETR3) configuraram como a quinta maior queda do Ibovespa na semana.
Dossiê 247: cinco anos depois do golpe, o que aconteceu com o petróleo brasileiro?|Brasil 247|17/07/2021|No terceiro dossiê da TV 247, o jornalista Leonardo Attuch demonstra como a  Petrobrás perdeu espaço para as petroleiras que patrocinaram a queda da...
Agenda de Resultados Bovespa 2º trimestre 2021 2T21|The Capital Advisor|17/07/2021|Resultado da Petrobras · PETR3, PETR4, 04/08/2021. Resultado da Tupy ·  TUPY3, 05/08/2021. Resultado do Engie Brasil · EGIE3, 05/08/2021.
Procura por diesel, gasolina e etanol aumenta mesmo com os preços dos combustíveis nas alturas no Brasil|CPG Click Petroleo e Gas|17/07/2021|... a Petrobras que fez novo reajuste nos preços do diesel, gasolina e GLP  ... contra o aumento nos preços dos combustíveis praticados pela Petrobras.
SELEÇÃO MASCULINA: Bruninho será representante do ...|Abc do Abc|17/07/2021|Quem define política de preço da Petrobras é Conselho e diretoria, diz  Guedes. De acordo com o vice-presidente da República, o governo quer  evitar...
Programa Bom Prato é reconhecido em prêmio internacional ...|Abc do ABC|17/07/2021|Este ano, o Instituto SECI firmou uma importante parceria com a Petrobras  para a distribuição. Instituto SECI distribui vale gás para famílias de  Santo...
Falta mão de obra para preencher mais de 400 mil vagas de emprego na área de tecnologia no Brasil e profis ...|CPG Click Petroleo e Gas|17/07/2021|lubnor, refinaria, petrobras · Refinaria Lubnor é vendida pela Petrobras  por mais da metade de seu valor, segundo Ineep. 27 de maio de 2022 —  Roberta Souza.
Mais da metade dos empregados da Petrobras quer manter home office, diz pesquisa|InfoMoney|18/07/2021|A Federação Únicos do Petroleiros (FUP), representante de empregados da  Petrobras (PETR3; PETR4), apresentou à empresa, na última quarta-feira,  14,...
Prévia operacional de Vale e Petrobras, plano da Oi e a semana na B3|Exame|18/07/2021|Prévia operacional de Vale e Petrobras, plano da Oi e a semana na B3.  Próximos dias preveem a precificação de quatro empresas na reta final para  o IPO: Desktop...
Para frear alta do petróleo, Opep+ decide aumentar o limite de produção|VEJA|18/07/2021|O barril do tipo Brent, usado como referência pela Petrobras, caiu 2,6%,  enquanto o WTI, retirado de poços do Texas, retrocedeu 3,7%.
Começa a temporada de baleias no litoral brasileiro|Agência Brasil|18/07/2021|Petrobras registra Baleia Jubarte e filhotes no litoral brasileiro. -  Divulgação/Agência Petrobras. Foi iniciada também neste mês a...
Bolsonaro terá reunião com Queiroga sobre proxalutamida contra covid-19|Exame|18/07/2021|Notícias relacionadas · Prévia operacional de Vale e Petrobras, plano da Oi  e a semana na B3 · Olimpíadas registra primeiros casos de covid-19 em vila  de atletas.
Presidente Jair Bolsonaro recebe alta médica do Hospital Vila Nova Star|Suno|18/07/2021|Petrobras (PETR4): 'Tenho uma ideia de fatiar a empresa', afirma ·  Petrobras (PETR4): 'Tenho uma ideia de fatiar a empresa', afirma Bolsonaro.
Proposta do governo para Bolsa Família é baseada em dinheiro que não existe|UOL Economia|18/07/2021|04/06/2022 04h00 · Empresas que compraram negócios da Petrobras chegam a  triplicar lucro. 04/06/2022 04h00. ver mais. PUBLICIDADE.
Bancos dos EUA disparam em lucros e trazem boas perspectivas para o Brasil|Suno|18/07/2021|Ibovespa fecha em queda e perde 0,75% na semana; Petrobras (PETR4) sobe  1,75% no dia · Petrobras (PETR4) e Eletrobras (ELET3) são destaques do  mercado.
China desafia Google e constrói o computador quântico mais poderoso do mundo|CPG Click Petroleo e Gas|18/07/2021|Petrobras coloca em operação um gigante de 20 toneladas e 34m de  comprimento: o supercomputador Dragão tem processamento equivalente a  quatro milhões de...
Governador vistoria e entrega obras em Nioaque neste ...|Governo do Estado de Mato Grosso do Sul|18/07/2021|Petrobras retoma processo de venda da UFN3. A Petrobras retomou ontem (31)  por meio de oportunidade de negócio (teaser) a venda da Unidade de  Fertlizantes...
Acionistas da Petrobras ganham, Brasil perde|Monitor Mercantil|19/07/2021|Portanto a Petrobras atualmente vende ativos para pagar dividendos. Não tem  relação com a dívida. É conversa fiada. Já demonstrei isto muitas vezes”,  critica o...
Rio Grande do Norte tem a 2ª gasolina mais cara do Brasil, diz ANP|G1|19/07/2021|Essa é a primeira pesquisa completa após o reajuste da Petrobras no último  dia 5 de R$ 0,16 no preço da gasolina na refinaria. O aumento foi sentido  dois...
Em nova alta, gasolina sobe 10 centavos no Ceará; confira preços dos combustíveis|Diario do Nordeste|19/07/2021|Petrobras anuncia reajustes de 6,3% na gasolina e 3,7% no diesel. A  pesquisa na última semana foi realizada em 191 postos do Ceará e mostra que  o preço...
Revitalização de sede da Petrobras no Rio deve incluir coworking para startups|CNN Brasil|19/07/2021|Em plena pandemia do Covid-19, a Petrobras decidiu promover a primeira  reforma completa do seu edifício sede no Centro do Rio, considerado um  ícone da...
Criminosos furtam combustíveis de dutos da Petrobras em São José|G1|19/07/2021|Criminosos furtam combustíveis de dutos da Petrobras em São José.  Criminosos perfuraram duto para furto e houve vazamento. Região está  interditada desde o...
Petrobras (PETR4) Bate Recorde para Atender Térmicas|The Capital Advisor|19/07/2021|A Petrobras (PETR4) atingiu em junho recorde histórico na oferta de Gás  Natural Liquefeito (GNL) regaseificado no País. imagem. Marcelo-photo...
Ações de PetroRio, Petrobras, Vale e siderúrgicas recuam com commodities; Tegma cai 6% e apenas 9 ações do Ibovespa sobem|InfoMoney|19/07/2021|Ações de PetroRio, Petrobras, Vale e siderúrgicas recuam com commodities;  Tegma cai 6% e apenas 9 ações do Ibovespa sobem. Confira os destaques da B3  na sessão...
Petrobras confirma padrão de baixa e tem como alvo a faixa de R$ 25|InfoMoney|19/07/2021|... que não está tão animado com o mercado neste momento e explica porquê  Petrobras (PETR4), destaque de queda neste pregão, ainda possui espaço para  cair.
Petrobras e Sebrae-SP realizam webinar com startup ...|Abc do Abc|19/07/2021|Petrobras e Sebrae-SP realizam webinar com startup vencedora de edital de  inovação. Empresa paulista Unidroid fala sobre sua experiência no processo  e...
Petrobrás revitaliza sede no Rio com planos de integração ao circuito turístico|Terra|19/07/2021|Estatal não informou o custo nem o tempo de duração da obra; projeto prevê  espaço de coworking para startups e recuperação do jardim assinado por  Burle Marx.
Investimentos da Petrobras e chegada de novas empresas dinamizam setor de óleo e gás na Bacia de Campos|G1|21/07/2021|A Petrobras divulgou que prevê investir US$ 13 bilhões em negócios na Bacia  de Campos entre os anos de 2021 e 2025. Os investimentos serão,  sobretudo,...
Gás de cozinha bate os R$ 100 no Norte do País|Correio Braziliense|21/07/2021|Os recorrentes reajustes promovidos pela Petrobras em suas refinarias, onde  o gás é produzido, empurraram os preços para cima em todo o Brasil.
Ações de Neoenergia e Romi avançam após balanços, Petrobras e PetroRio sobem com petróleo; IRB salta 8,5% após dados de maio|InfoMoney|21/07/2021|Ações de Neoenergia e Romi avançam após balanços, Petrobras e PetroRio  sobem com petróleo; IRB salta 8,5% após dados de maio.
Forbes Radar: Enauta, GPA, Embraer, Neogrid, Petrobras e outros destaques corporativos|Forbes Brasil|21/07/2021|Forbes Radar: Enauta, GPA, Embraer, Neogrid, Petrobras e outros destaques  corporativos. Últimas notícias sobre: Neoenergia, Desktop, Cemig, Focus  Energia,...
Empresas estatais têm baixa eficiência, avalia governo|Correio Braziliense|21/07/2021|Na Petrobras, o maior salário chega próximo aos 3 milhões por ano. Já os  presidentes do Banco do Brasil (BB), Banco Nacional do Desenvolvimento  (BNDES), Caixa...
Temporada de balanços afugenta fantasma da variante Delta no mercado|Valor Investe|21/07/2021|No Brasil, Vale e Petrobras garantiram a borracha passada nas perdas do  Ibovespa, enquanto ações domésticas patinavam. 21/07/2021 17h22 Atualizado  há 10...
De Roberto Carlos a axé, qualquer som pode ‘virar’ música de concerto|VEJA RIO|21/07/2021|Orquestra Petrobras Sinfônica inicia turnê virtual gratuita nesta quinta  (22). Apresentações passeiam entre composições de Beethoven, Skank e  Coldplay. Por...
Preço do gás de cozinha chega a R$ 100 no Norte do país|Poder360|21/07/2021|Petrobras domina 99% do mercado de gás de cozinha no Brasil; empesa  reajustou o preço em 5,9% Poder360 21.jul.2021 (quarta-feira) - 17h52.
Leilão da cessão onerosa deve ocorrer em dezembro deste ano|Agência Brasil|21/07/2021|... disse que a segunda rodada do leilão do excedente da cessão onerosa  (excedente do volume de petróleo e gás que a União cedeu à Petrobras) dos  campos de...
Abrir mão da Petrobrás traz prejuízo econômico e estratégico, afirma economista|O Cafezinho|21/07/2021|Abrir mão da Petrobrás traz prejuízo econômico e estratégico, afirma  economista ... A economista Juliane Furno entende da pauta dos petroleiros:  seu doutorado,...
Petrobras mais que dobra importação de diesel e gasolina ...|BiodieselBR.com|23/07/2021|A operação da Petrobras no segundo trimestre deste ano foi um ponto fora da  curva. Com plataformas e refinarias paradas para manutenção, a empresa  foi...
Petrobrás se retira do maior polo de produção terrestre da Bahia, ao vender Rio Ventura para o grupo 3R Petroleum|O Cafezinho|23/07/2021|Petrobrás se retira do maior polo de produção terrestre da Bahia, ao vender  Rio Ventura para o grupo 3R Petroleum. Por Redação · Inscreva-se na TV  Cafezinho. 23...
Orquestra toca sucessos de Roberto Carlos em concerto ...|A Gazeta|23/07/2021|Músicos da Orquestra Petrobras Sinfônica homenagearão o Rei em apresentação  a partir das 20h deste sábado (24) pelo YouTube.
O Brasil não merece ser retardado em seu crescimento e ...|CPG Click Petroleo e Gas|23/07/2021|Ou queremos que a Petrobras continue como cabide de empregos, tanto de  indicados políticos como de empregados em atividades com relativamente  pouca atratividade...
Leilão tem iPhones e notebooks Dell com lances a partir de R ...|Canaltech|23/07/2021|A Petros (Fundação Petrobras de Seguridade Social) anunciou a edição de um  novo leilão, que será realizado por meio da Sato Leilões — empresa  especializada...
Greve indeterminada dos caminhoneiros segue prevista para domingo; categoria é contra o aumento nos preços dos combustíveis praticados pela Petrobras|CPG Click Petroleo e Gas|23/07/2021|Caminhoneiros armam greve contra a disparada constante do preço da gasolina  e diesel nos postos de combustíveis praticado pela Petrobras.
Alphabet, dona do Google, lança nova empresa de robótica|TradeMap|23/07/2021|Plano do governo para baratear combustíveis poupa Petrobras (PETR4) e ação  sobe ... Assine a nossa Newsletter! ... A Agência TradeMap produz notícias  analíticas...
Condições da safra de trigo da França recuam e colheita segue lenta|Money Times|23/07/2021|Últimas Notícias Cotações Comprar ou Vender FGTS Eletrobras Petrobras ·  Instagram · YouTube · Linkedin Facebook · Google Facebook Twitter.
Bolsonaro veta projeto petista para dar dinheiro público a ONGs|Diário do Poder|23/07/2021|Moro acha 'risível' PT culpar juiz e não o ladrão por prejuízo na Petrobras  ... Ministro Sachsida substitui presidente da Petrobras a pedido de  Bolsonaro.
Estatais encolhem: veja número de funcionários por empresa desde 2016|Metrópoles|23/07/2021|0 70 60 50 -50 40 -40 30 -30 20 -20 10 -10 ELETROBRAS (grupo) CODESP  INFRAERO CMB EBC CONAB DATAPREV SERPRO PETROBRAS EMBRAPA ECT CODEVASF INB  BB Grupo...
Novo presidente da Petrobras reduz reajustes, mas diesel sobe 9% em 3 meses|UOL Economia|24/07/2021|Novo presidente da Petrobras reduz reajustes, mas diesel sobe 9% em 3  meses. O general Joaquim Silva e Luna, presidente da Petrobras - Marcelo  Camargo/Agência...
Piloto de helicóptero obrigado a despejar sua carga 5 minutos após decolar no Amazonas|AEROIN|24/07/2021|O que estava sendo transportado não foi divulgado, no entanto sabe-se que a  aeronave tem estado alocada para realizar serviços para a Petrobras.
Morgan Stanley vende ações da Sequoia|Money Times|24/07/2021|Ibovespa: Por que Méliuz (CASH3) despencou 6,74% e Petrobras (PETR3) subiu  2,5% nesta sexta? Leia mais sobre: Ações, Bancos, Empresas, Logística,  Mercados,...
Nova tecnologia veio para revolucionar o mundo na construção civil eliminando resíduos de concreto, tijolos, rejunte e derivados sem agredir o meio ambiente|CPG Click Petroleo e Gas|24/07/2021|Petrobras qualifica dez grupos em disputa por contratos para arrendamento  de navios-sonda, entre elas Ocyan. 2 de junho de 2022 — Roberta Souza.
Após falha, reinado do ginasta japonês Uchimura chega ao fim em Tóquio|CNN Brasil|24/07/2021|DOU registra recomendação de inclusão da Petrobras em estudo para  privatização. Boric e Trudeau são vistos em bar tradicional de cerveja em  Ottawa.
Caminhoneiros iniciam atos no país, mas adesão à greve é incerta|Folha|25/07/2021|"Ao final de junho, a Petrobras anunciou uma reunião com a diretoria do  CNTRC. ""O transporte modal rodoviário é muito importante para o Brasil. A  Petrobras busca..."
Petrobras mantém foco em vender ativos e reduzir dívida, diz Silva e Luna|Exame|26/07/2021|A Petrobras permanece focada em venda de ativos e desalavancagem, em busca  de cumprir cronograma acertado com o Cade, disse nesta segunda-feira o  presidente...
Petrobras (PETR4) marca AGE para nomeação de conselheiros para 27 de agosto|Suno|26/07/2021|Confira a lista dos indicados pelo Governo Federal para o conselho de  administração da Petrobras: Eduardo Bacellar Leal Ferreira – recondução ao  cargo de...
Ações de Vale e siderúrgicas avançam com minério; Positivo ...|InfoMoney|26/07/2021|Ações de Vale e siderúrgicas avançam com minério; Positivo salta 13% com  recomendação e Petrobras sobe. Confira os destaques da B3 na sessão desta  segunda-feira...
Petrobrás dribla os interesses do Rio e da União e traz prejuízo de até R$ 26 bi aos cofres públicos|Brasil 247|26/07/2021|Petrobrás dribla os interesses do Rio e da União e traz prejuízo de até R$  26 bi aos cofres públicos. Valor é baseado em uma projeção da CPI dos  Royalties,...
Por que o preço da gasolina aumentou mesmo com o dólar estável?|Autoesporte|26/07/2021|Porém, mesmo com a influência do dólar na cotação dos combustíveis, a  Petrobras não deixou de aumentar os preços da gasolina e do diesel nas  refinarias no...
Gasolina atinge preços recordes em 18 estados e no Distrito Federal|Correio Braziliense|26/07/2021|Hoje, do preço da gasolina vendida nos postos espalhados pelo país, 32,4%  do valor fica para a Petrobras; 28,6% é referente ao ICMS (imposto  estadual); 15,7%...
Bolsonaro diz que botijão deveria ser vendido a R$ 70, mas metade do preço fica com Petrobras|Terra|26/07/2021|Bolsonaro diz que botijão deveria ser vendido a R$ 70, mas metade do preço  fica com Petrobras. Apesar da estatal embolsar maior parte do valor,  presidente,...
Preços dos combustíveis atingem os níveis mais altos do ano nos postos|Valor Econômico|26/07/2021|Mesmo com reajustes mais espaçados nas refinarias da Petrobras, gasolina e  diesel seguem em alta mais acentuada na ponta do consumo.
Enauta atinge 18 milhões de barris de petróleo produzidos no campo de Atlanta|CNN Brasil|26/07/2021|Hoje, o campo produz através de dois poços. Em agosto, está prevista a  retomada da produção da terceira estrutura. Leia mais. Produção de petróleo  da Petrobras...
3R e Petrorecôncavo aumentam produção no primeiro semestre|Valor Econômico|26/07/2021|Especializadas em campos maduros, as empresas têm apostado na venda de  ativos da Petrobras para se posicionarem como maiores operadores privadas  em terra no...
Como foram 100 primeiros dias de Silva e Luna no comando ...|Gazeta do Povo|27/07/2021|A gestão do general da reserva Joaquim Silva e Luna à frente da Petrobras  completou 100 dias nesta terça-feira (27). Ele foi indicado ao cargo em  fevereiro...
Petrobras contrata 6ª plataforma de Búzios com SBM Offshore|Época Negócios|27/07/2021|A Petrobras assinou contrato com a holandesa SBM Offshore para arrendamento  e operação da plataforma do tipo FPSO Almirante Tamandaré, para o campo  de...
Fernando Borges, diretor de Exploração e Produção da ...|EPBR|27/07/2021|O programa epbr entrevista recebe o diretor de Exploração e Produção da  Petrobras, Fernando Borges, para um bate-papo sobre novos projetos e a  estratégia...
Petrobras (PETR4) Pode Ter Melhores Dividendos do Ano?|The Capital Advisor|27/07/2021|Entenda porque o mercado financeiro está apostando em ótimas distribuições  de dividendos da Petrobras no futuro. imagem. Marcelo-photo...
Brasília ganha concerto inédito e exclusivo da Orquestra Petrobras Sinfônica|Correio Braziliense|27/07/2021|Brasília ganha concerto inédito e exclusivo da Orquestra Petrobras  Sinfônica. Evento virtual e gratuito ocorre nesta quinta-feira (29/7).  Músicas das bandas...
PETROBRAS:Venda de ativos pode demorar mais que o ...|Monitor do Mercado|27/07/2021|São Paulo, 27 de julho de 2021 - O BTG Pactual disse que o processo de  venda de ativos da Petrobras pode demorar mais que o esperado e poderá
ANP lança edital para leilão de 7 blocos de exploração de ...|A Gazeta|27/07/2021|Plataforma FPSO Capixaba produz petróleo no Litoral Sul do ES para a  Petrobras. Crédito: Petrobras/Valter Monteiro. A Agência Nacional do  Petróleo,...
Bolsonaro: se o gás custa R$ 110, não é problema do governo federal|Correio Braziliense|27/07/2021|"""O gás, lá onde ele é engarrafado, na Petrobras, custa R$ 45. Qual o  imposto federal do gás? É zero. Cancelei todos os impostos federais do gás  por 20 anos."
De modelo a acionista: Gisele Bündchen integrará Comitê de ...|TradeMap|27/07/2021|Petrobras Foto Andre Motta de Souza Agencia Petrobras · Por apenas R$ 1,  Petrobras (PETR4) assina acordo para ter 100% de termelétrica em MG.
Supercomputador Dragão opera no Brasil com tecnologia da ...|InforChannel|27/07/2021|Duas mil GPUs Nvidia V100! Esse é o poder computacional do novo  supercomputador da Petrobras, Dragão, que passa a operar no Brasil.
Petrobras assina contrato para venda da Gaspetro por R$ 2,03 bilhões|InfoMoney|29/07/2021|A Petrobras informou, em nota, que até o fechamento da transação, observará  as disposições constantes dos acordos de acionistas da Gaspetro e das  distribuidoras...
Petrobras assina acordo de venda da Gaspetro por R$ 2 bilhões para Compass|iG Economia|29/07/2021|A Petrobras anunciou na noite desta quarta-feira a venda de um seus  principais ativos de gás no país: a Gaspetro, que tem participação  societária em 19...
Compass fecha compra dos 51% da Petrobras na Gaspetro ...|EPBR|29/07/2021|em jogo. A Petrobras assinou o contrato de venda de seus 51% de  participação na Gaspetro com a Compass Gás e Energia, empresa do grupo  Cosan, por...
Ministro do STF anula condenação trabalhista bilionária imposta à Petrobras|G1|29/07/2021|O ministro Alexandre de Moraes, do Supremo Tribunal Federal (STF), atendeu  a um recurso da Petrobras e anulou a maior condenação trabalhista imposta  à...
Petrobras vende participações em térmicas por R$ 160,3 ...|CanalEnergia|29/07/2021|A Petrobras informou em comunicado ao mercado nesta quinta-feira, 29 de  julho, que assinou contratos para a venda de suas participações de 20% na...
Fornecedores da Petrobras antecipam R$ 5 bilhões em capital de giro|Valor Econômico|29/07/2021|O programa “Mais Valor”, lançado pela Petrobras em dezembro de 2020 para  reforçar o capital de giro da cadeia fornecedora, atingiu nesta semana R$ 5  bilhões...
Orquestra Petrobras Sinfônica faz homenagem ao rock Brasília|Correio Braziliense|29/07/2021|Criada há 49 anos, pelo maestro Armando Prazeres, a Petrobras Sinfônica é  considerada uma das mais conceituadas orquestras do país e da América  Latina. IR.
Petrobras contrata SBM Offshore para plataforma FPSO|Revista O Empreiteiro|29/07/2021|A companhia holandesa anunciou que assinou os contratos com a Petrobrás  para a construção, afretamento e operação do FPSO Almirante Tamandaré,...
BR Distribuidora autoriza programa de recompra de ações limitado a R$ 1,5 bilhão|CNN Brasil|29/07/2021|A companhia, antiga controlada da Petrobras, foi efetivamente privatizada  por meio de uma oferta de ações realizada pela petroleira no ano passado.
Produção de petróleo na Bacia de Campos atinge menor ...|Portos e Navios|29/07/2021|Entre as petroleiras, a Petrobras, maior operadora na bacia, foi a  principal responsável por essa retração, segundo os dados da ANP. A  produção da estatal,...
Macaé comemora aniversário com presente milionário da Petrobras, que anuncia investimentos e retomada nas ...|CPG Click Petroleo e Gas|31/07/2021|Macaé comemora aniversário com presente milionário da Petrobras, que  anuncia investimentos e retomada nas operações do Porto de Imbetiba.  Escrito por Flavia...
Gás de cozinha vendido a R$ 50 gera filas e briga em Salvador: 'Mostra a necessidade que as pessoas estão passando'|G1|31/07/2021|A ação é a quarta realizada este ano, em protesto contra política de preços  da Petrobras. Na capital baiana, o preço dos botijões chega a R$ 100 em  alguns...
Novo contrato na UPNG do Comperj demanda vagas de emprego para ajudantes, técnicos, encarregados, assistentes e muito mais neste dia, 31 de julho|CPG Click Petroleo e Gas|31/07/2021|Candidatos de ensino fundamental, médio, técnico e superior convocados hoje  (31/07) para trabalhar nas obras da Petrobras no Comperj, em Itaboraí.
Minoritários poderão produzir provas contra Renova Energia (RNEW11)|Suno|31/07/2021|Radar: ações da Petrobras (PETR4) afundam após demissão de CEO, Banco Inter  (BIDI4) movimenta R$ 1,13 bi, Nubank (NUBR33) vale menos que o BTG.
Omega Energia fecha a compra de 50% de complexo eólico na Bahia, por R$ 422,9 milhões|CPG Click Petroleo e Gas|31/07/2021|Veja ainda: Petrobras assina contrato para venda de empresas de energia  elétrica no Norte e no Nordeste · Petrobras assina contrato para venda de  empresas...
Cartões de crédito do Banco do Brasil estão aprovando geral|Seu Crédito Digital|31/07/2021|Cartão de Crédito Petrobras. Criado em parceria com o Banco do Brasil, o  Cartão Petrobras pode ser utilizado na rede de Postos Petrobras e lojas...
Governo quer mudança para conter 'meteoro' de até R$ 90 bi em precatórios em 2022|Correio Braziliense|31/07/2021|"Ainda na mira: Bolsonaro sugere novas mudanças na Petrobras. 05:59 -  17/05/2022 - Compartilhe. Diretor do Banco Central: ""Todos pagarão por  inflação menor""."
Atacante ex-Cruzeiro e que já defendeu a Seleção Brasileira ...|Sagres 730|31/07/2021|Indicado para comandar Petrobras é visto como gestor habilidoso, mas sem...  Nacional · Terra indígena com isolados no Amazonas está há quase 6 meses.
Grêmio tem acordo com Al Ain por Ferreirinha, e negócio pode chegar a R$ 90 milhões; veja detalhes|Alagoas 24 Horas|31/07/2021|Prévia de plano de governo de Lula prevê revogação do teto de gastos e se  opõe à privatização da Petrobras. Vídeos.
Tradicional casa de shows fecha as portas após 17 anos em Betim|Agenda Betim|31/07/2021|A ação social, realizada pelo Instituto Ramacrisna com o apoio da  Petrobras, vai beneficiar 1,3 mil famílias em Betim, Sarzedo e Ibirité.  19/05/2022.
